USE medical_organizations;

INSERT INTO `medical_organizations`.`hospitals` (`hospital_id`, `name`) VALUES
(1, 'Київська міська №1'),
(2, 'Лікарня "Охматдит"'),
(3, 'Київська міська №2'),
(4, 'Київська дитяча лікарня'),
(5, 'Лікарня "Богомолець"'),
(6, 'Лікарня "Мечникова"'),
(7, 'Лікарня "Середньофонтанська"'),
(8, 'Київська обласна лікарня'),
(9, 'Лікарня "Софіївська Борщагівка"'),
(10, 'Лікарня "Феофанія"');


INSERT INTO `medical_organizations`.`hospital_buildings` (`building_id`, `hospital_id`, `name`) VALUES
(1, 1, 'Корпус А'),
(2, 1, 'Корпус Б'),
(3, 1, 'Корпус В'),
(4, 2, 'Корпус А'),
(5, 2, 'Корпус Б'),
(6, 2, 'Корпус В'),
(7, 3, 'Корпус А'),
(8, 3, 'Корпус Б'),
(9, 3, 'Корпус В'),
(10, 4, 'Корпус А'),
(11, 4, 'Корпус Б'),
(12, 4, 'Корпус В'),
(13, 5, 'Корпус А'),
(14, 5, 'Корпус Б'),
(15, 5, 'Корпус В'),
(16, 6, 'Корпус А'),
(17, 6, 'Корпус Б'),
(18, 6, 'Корпус В'),
(19, 7, 'Корпус А'),
(20, 7, 'Корпус Б'),
(21, 7, 'Корпус В'),
(22, 8, 'Корпус А'),
(23, 8, 'Корпус Б'),
(24, 8, 'Корпус В'),
(25, 9, 'Корпус А'),
(26, 9, 'Корпус Б'),
(27, 9, 'Корпус В'),
(28, 10, 'Корпус А'),
(29, 10, 'Корпус Б'),
(30, 10, 'Корпус В');

INSERT INTO `medical_organizations`.`departments` (department_id, building_id, name, specialization) VALUES
(1, 1, 'Хірургічне відділення', 'Хірургія'),
(2, 1, 'Стоматологічне відділення', 'Стоматологія'),
(3, 1, 'Гінекологічне відділення', 'Гінекологія'),
(4, 2, 'Рентгенологічне відділення', 'Рентгенологія'),
(5, 2, 'Неврологічне відділення', 'Неврологія'),
(6, 3, 'Терапевтичне відділення', 'Терапія'),
(7, 4, 'Урологічне відділення', 'Урологія'),
(8, 4, 'Офтальмологічне відділення', 'Офтальмологія'),
(9, 4, 'Травматичне відділення', 'Травматологія'),
(10, 5, 'Гінекологічне відділення', 'Гінекологія'),
(11, 5, 'Хірургічне відділення', 'Хірургія'),
(12, 5, 'Стоматологічне відділення', 'Стоматологія'),
(13, 5, 'Рентгенологічне відділення', 'Рентгенологія'),
(14, 6, 'Неврологічне відділення', 'Неврологія'),
(15, 7, 'Терапевтичне відділення', 'Терапія'),
(16, 7, 'Урологічне відділення', 'Урологія'),
(17, 7, 'Офтальмологічне відділення', 'Офтальмологія'),
(18, 8, 'Травматичне відділення', 'Травматологія'),
(19, 9, 'Хірургічне відділення', 'Хірургія'),
(20, 9, 'Стоматологічне відділення', 'Стоматологія'),
(21, 9, 'Гінекологічне відділення', 'Гінекологія'),
(22, 9, 'Рентгенологічне відділення', 'Рентгенологія'),
(23, 10, 'Неврологічне відділення', 'Неврологія'),
(24, 11, 'Терапевтичне відділення', 'Терапія'),
(25, 11, 'Урологічне відділення', 'Урологія'),
(26, 11, 'Офтальмологічне відділення', 'Офтальмологія'),
(27, 11, 'Травматичне відділення', 'Травматологія'),
(28, 12, 'Хірургічне відділення', 'Хірургія'),
(29, 12, 'Стоматологічне відділення', 'Стоматологія'),
(30, 12, 'Гінекологічне відділення', 'Гінекологія'),
(31, 13, 'Рентгенологічне відділення', 'Рентгенологія'),
(32, 14, 'Неврологічне відділення', 'Неврологія'),
(33, 14, 'Терапевтичне відділення', 'Терапія'),
(34, 15, 'Урологічне відділення', 'Урологія'),
(35, 15, 'Офтальмологічне відділення', 'Офтальмологія'),
(36, 15, 'Травматичне відділення', 'Травматологія'),
(37, 16, 'Хірургічне відділення', 'Хірургія'),
(38, 16, 'Стоматологічне відділення', 'Стоматологія'),
(39, 16, 'Гінекологічне відділення', 'Гінекологія'),
(40, 16, 'Рентгенологічне відділення', 'Рентгенологія'),
(41, 17, 'Неврологічне відділення', 'Неврологія'),
(42, 17, 'Терапевтичне відділення', 'Терапія'),
(43, 17, 'Урологічне відділення', 'Урологія'),
(44, 17, 'Офтальмологічне відділення', 'Офтальмологія'),
(45, 18, 'Травматичне відділення', 'Травматологія'),
(46, 18, 'Хірургічне відділення', 'Хірургія'),
(47, 18, 'Стоматологічне відділення', 'Стоматологія'),
(48, 18, 'Гінекологічне відділення', 'Гінекологія'),
(49, 19, 'Рентгенологічне відділення', 'Рентгенологія'),
(50, 19, 'Неврологічне відділення', 'Неврологія'),
(51, 19, 'Терапевтичне відділення', 'Терапія'),
(52, 19, 'Урологічне відділення', 'Урологія'),
(53, 20, 'Офтальмологічне відділення', 'Офтальмологія'),
(54, 20, 'Травматичне відділення', 'Травматологія'),
(55, 20, 'Хірургічне відділення', 'Хірургія'),
(56, 20, 'Стоматологічне відділення', 'Стоматологія'),
(57, 21, 'Гінекологічне відділення', 'Гінекологія'),
(58, 21, 'Рентгенологічне відділення', 'Рентгенологія'),
(59, 21, 'Неврологічне відділення', 'Неврологія'),
(60, 21, 'Терапевтичне відділення', 'Терапія'),
(61, 22, 'Урологічне відділення', 'Урологія'),
(62, 22, 'Офтальмологічне відділення', 'Офтальмологія'),
(63, 22, 'Травматичне відділення', 'Травматологія'),
(64, 22, 'Хірургічне відділення', 'Хірургія'),
(65, 23, 'Стоматологічне відділення', 'Стоматологія'),
(66, 23, 'Гінекологічне відділення', 'Гінекологія'),
(67, 23, 'Рентгенологічне відділення', 'Рентгенологія'),
(68, 23, 'Неврологічне відділення', 'Неврологія'),
(69, 24, 'Терапевтичне відділення', 'Терапія'),
(70, 24, 'Урологічне відділення', 'Урологія'),
(71, 24, 'Офтальмологічне відділення', 'Офтальмологія'),
(72, 24, 'Травматичне відділення', 'Травматологія'),
(73, 25, 'Хірургічне відділення', 'Хірургія'),
(74, 25, 'Стоматологічне відділення', 'Стоматологія'),
(75, 25, 'Гінекологічне відділення', 'Гінекологія'),
(76, 25, 'Рентгенологічне відділення', 'Рентгенологія'),
(77, 26, 'Неврологічне відділення', 'Неврологія'),
(78, 26, 'Терапевтичне відділення', 'Терапія'),
(79, 26, 'Урологічне відділення', 'Урологія'),
(80, 26, 'Офтальмологічне відділення', 'Офтальмологія'),
(81, 27, 'Травматичне відділення', 'Травматологія'),
(82, 27, 'Хірургічне відділення', 'Хірургія'),
(83, 27, 'Стоматологічне відділення', 'Стоматологія'),
(84, 27, 'Гінекологічне відділення', 'Гінекологія'),
(85, 28, 'Рентгенологічне відділення', 'Рентгенологія'),
(86, 28, 'Неврологічне відділення', 'Неврологія'),
(87, 28, 'Терапевтичне відділення', 'Терапія'),
(88, 28, 'Урологічне відділення', 'Урологія'),
(89, 29, 'Офтальмологічне відділення', 'Офтальмологія'),
(90, 29, 'Травматичне відділення', 'Травматологія'),
(91, 29, 'Хірургічне відділення', 'Хірургія'),
(92, 29, 'Стоматологічне відділення', 'Стоматологія'),
(93, 30, 'Гінекологічне відділення', 'Гінекологія'),
(94, 30, 'Рентгенологічне відділення', 'Рентгенологія'),
(95, 30, 'Неврологічне відділення', 'Неврологія'),
(96, 30, 'Терапевтичне відділення', 'Терапія');

INSERT INTO `medical_organizations`.`rooms` (room_id, room_number, department_id, beds_count, occupied_beds_count) VALUES
(1, 101, 1, 5, 2),
(2, 102, 1, 4, 0),
(3, 201, 2, 3, 1),
(4, 202, 2, 4, 0),
(5, 203, 2, 5, 0),
(6, 301, 3, 2, 1),
(7, 302, 3, 3, 0),
(8, 303, 3, 4, 3),
(9, 101, 4, 4, 2),
(10, 102, 4, 3, 0),
(11, 103, 4, 5, 3),
(12, 104, 4, 2, 0),
(13, 201, 5, 3, 1),
(14, 202, 5, 4, 0),
(15, 203, 5, 2, 1),
(16, 301, 6, 5, 0),
(17, 302, 6, 4, 2),
(18, 303, 6, 3, 0),
(19, 101, 7, 2, 1),
(20, 102, 7, 5, 0),
(21, 103, 7, 3, 0),
(22, 201, 8, 4, 2),
(23, 202, 8, 3, 0),
(24, 203, 8, 5, 3),
(25, 301, 9, 3, 1),
(26, 302, 9, 5, 0),
(27, 303, 9, 2, 1),
(28, 101, 10, 5, 0),
(29, 102, 10, 4, 2),
(30, 103, 10, 3, 0),
(31, 201, 11, 2, 1),
(32, 202, 11, 5, 0),
(33, 203, 11, 3, 0),
(34, 301, 12, 4, 2),
(35, 302, 12, 3, 0),
(36, 303, 12, 5, 3),
(37, 101, 13, 3, 1),
(38, 102, 13, 5, 0),
(39, 103, 13, 2, 1),
(40, 201, 14, 5, 0),
(41, 202, 14, 4, 2),
(42, 203, 14, 3, 0),
(43, 301, 15, 2, 1),
(44, 302, 15, 5, 0),
(45, 303, 15, 3, 0),
(46, 101, 16, 4, 2),
(47, 102, 16, 3, 0),
(48, 103, 16, 5, 3),
(49, 201, 17, 3, 1),
(50, 202, 17, 5, 0),
(51, 203, 17, 2, 1),
(52, 301, 18, 5, 0),
(53, 302, 18, 4, 2),
(54, 303, 18, 3, 0),
(55, 101, 19, 2, 1),
(56, 102, 19, 5, 0),
(57, 103, 19, 3, 0),
(58, 201, 20, 4, 2),
(59, 202, 20, 3, 0),
(60, 203, 20, 5, 3),
(61, 301, 21, 3, 1),
(62, 302, 21, 5, 0),
(63, 303, 21, 2, 1),
(64, 101, 22, 5, 0),
(65, 102, 22, 4, 2),
(66, 103, 22, 3, 0),
(67, 201, 23, 2, 1),
(68, 202, 23, 5, 0),
(69, 203, 23, 3, 0),
(70, 301, 24, 4, 2),
(71, 302, 24, 3, 0),
(72, 303, 24, 5, 3),
(73, 101, 25, 3, 1),
(74, 102, 25, 5, 0),
(75, 103, 25, 2, 1),
(76, 201, 26, 5, 0),
(77, 202, 26, 4, 2),
(78, 203, 26, 3, 0),
(79, 301, 27, 2, 1),
(80, 302, 27, 5, 0),
(81, 303, 27, 3, 0),
(82, 101, 28, 4, 2),
(83, 102, 28, 3, 0),
(84, 103, 28, 5, 3),
(85, 201, 29, 3, 1),
(86, 202, 29, 5, 0),
(87, 203, 29, 2, 1),
(88, 301, 30, 5, 0),
(89, 302, 30, 4, 2),
(90, 303, 30, 3, 0),
(91, 101, 31, 2, 1),
(92, 102, 31, 5, 0),
(93, 103, 31, 3, 0),
(94, 201, 32, 4, 2),
(95, 202, 32, 3, 0),
(96, 203, 32, 5, 3),
(97, 301, 33, 3, 1),
(98, 302, 33, 5, 0),
(99, 303, 33, 2, 1),
(100, 101, 34, 5, 0),
(101, 102, 34, 4, 2),
(102, 103, 34, 3, 0),
(103, 201, 35, 2, 1),
(104, 202, 35, 5, 0),
(105, 203, 35, 3, 0),
(106, 301, 36, 4, 2),
(107, 302, 36, 3, 0),
(108, 303, 36, 5, 3),
(109, 101, 37, 3, 1),
(110, 102, 37, 5, 0),
(111, 103, 37, 2, 1),
(112, 201, 38, 5, 0),
(113, 202, 38, 4, 2),
(114, 203, 38, 3, 0),
(115, 301, 39, 2, 1),
(116, 302, 39, 5, 0),
(117, 303, 39, 3, 0),
(118, 101, 40, 4, 2),
(119, 102, 40, 3, 0),
(120, 103, 40, 5, 3),
(121, 201, 41, 3, 1),
(122, 202, 41, 5, 0),
(123, 203, 41, 2, 1),
(124, 301, 42, 5, 0),
(125, 302, 42, 4, 2),
(126, 303, 42, 3, 0),
(127, 101, 43, 2, 1),
(128, 102, 43, 5, 0),
(129, 103, 43, 3, 0),
(130, 201, 44, 4, 2),
(131, 202, 44, 3, 0),
(132, 203, 44, 5, 3),
(133, 301, 45, 3, 1),
(134, 302, 45, 5, 0),
(135, 303, 45, 2, 1),
(136, 101, 46, 5, 0),
(137, 102, 46, 4, 2),
(138, 103, 46, 3, 0),
(139, 201, 47, 2, 1),
(140, 202, 47, 5, 0),
(141, 203, 47, 3, 0),
(142, 301, 48, 4, 2),
(143, 302, 48, 3, 0),
(144, 303, 48, 5, 3),
(145, 101, 49, 3, 1),
(146, 102, 49, 5, 0),
(147, 103, 49, 2, 1),
(148, 201, 50, 5, 0),
(149, 202, 50, 4, 2),
(150, 203, 50, 3, 0),
(151, 301, 51, 2, 1),
(152, 302, 51, 5, 0),
(153, 303, 51, 3, 0),
(154, 101, 52, 4, 2),
(155, 102, 52, 3, 0),
(156, 103, 52, 5, 3),
(157, 201, 53, 3, 1),
(158, 202, 53, 5, 0),
(159, 203, 53, 2, 1),
(160, 301, 54, 5, 0),
(161, 302, 54, 4, 2),
(162, 303, 54, 3, 0),
(163, 101, 55, 2, 1),
(164, 102, 55, 5, 0),
(165, 103, 55, 3, 0),
(166, 201, 56, 4, 2),
(167, 202, 56, 3, 0),
(168, 203, 56, 5, 3),
(169, 301, 57, 3, 1),
(170, 302, 57, 5, 0),
(171, 303, 57, 2, 1),
(172, 101, 58, 5, 0),
(173, 102, 58, 4, 2),
(174, 103, 58, 3, 0),
(175, 201, 59, 2, 1),
(176, 202, 59, 5, 0),
(177, 203, 59, 3, 0),
(178, 301, 60, 4, 2),
(179, 302, 60, 3, 0),
(180, 303, 60, 5, 3);

INSERT INTO `medical_organizations`.`polyclinics` (`polyclinic_id`, `name`) VALUES
(1, 'Святовіт'),
(2, 'Гіпократ'),
(3, 'Медичний Центр'),
(4, 'Поліклініка +'),
(5, 'Поліклініка вихідного дня');

INSERT INTO polyclinic_hospital_contracts (contract_id, polyclinic_id, hospital_id) VALUES
(1, 1, 1),
(2, 2, 2),
(3, 3, 1),
(4, 2, 4),
(5, 5, 5),
(6, 5, 2),
(7, 4, 3);

INSERT INTO doctors (doctor_id, name, category, degree, `rank`, experience, operations, operations_number, fatal_operations_number, salary_ratio, longer_vacations)
VALUES
(1, 'Соколова М.Н.', 'хірург', NULL, 'Доцент', 7, 1, 10, 2, 1, 1),
(2, 'Ковальов Д.І.', 'стоматолог', 'Доктор медичних наук', 'Професор', 15, 0, NULL, NULL, 1, 0),
(3, 'Павлова Н.Г.', 'гінеколог', 'Кандидат медичних наук', 'Доцент', 6, 1, 8, 1, 0, 0),
(4, 'Іванова Т.Г.', 'ренгенолог', 'Доктор медичних наук', 'Професор', 18, 1, 12, 3, 1, 1),
(5, 'Сидоренко П.О.', 'невропатолог', 'Кандидат медичних наук', 'Асистент', 4, 0, NULL, NULL, 0, 0),
(6, 'Мельник. І.В.', 'хірург', 'Доктор медичних наук', 'Професор', 29, 1, 38, 5, 1, 0),
(7, 'Ковальчук І.О.', 'стоматолог', NULL, 'Асистент', 8, 0, NULL, NULL, 0, 1),
(8, 'Зінченко М.П.', 'офтальмолог', 'Доктор медичних наук', 'Професор', 23, 0, NULL, NULL, 1, 0),
(9, 'Петренко А.М.', 'терапевт', 'Кандидат медичних наук', 'Доцент', 12, 0, NULL, NULL, 1, 0),
(10, 'Мельник Г.В.', 'хірург', NULL, 'Асистент', 9, 1, 40, 3, 0, 1),
(11, 'Козлова О.І.', 'гінеколог', 'Доктор медичних наук', 'Професор', 27, 1, 74, 2, 1, 1),
(12, 'Сидорова Н.П.', 'рентгенолог', 'Кандидат медичних наук', 'Асистент', 7, 0, NULL, NULL, 1, 1),
(13, 'Іванчук Л.М.', 'невролог', NULL, 'Доцент', 10, 0, NULL, NULL, 1, 0),
(14, 'Петренко О.В.', 'стоматолог', NULL, 'Асистент', 8, 0, NULL, NULL, 1, 1),
(15, 'Кравченко В.О.', 'гінеколог', 'Доктор медичних наук', 'Професор', 35, 1, 106, 8, 1, 1),
(16, 'Семенчук О.М.', 'рентгенолог', 'Кандидат медичних наук', 'Асистент', 7, 0, NULL, NULL, 1, 1),
(17, 'Ковальова М.О.', 'хірург', NULL, 'Доцент', 11, 1, 52, 1, 1, 0),
(18, 'Литвиненко Н.С.', 'невролог', 'Кандидат медичних наук', 'Асистент', 7, 0, NULL, NULL, 1, 1),
(19, 'Олійник В.І.', 'стоматолог', NULL, 'Асистент', 9, 0, NULL, NULL, 0, 1),
(20, 'Мельник І.Г.', 'офтальмолог', 'Доктор медичних наук', 'Професор', 44,  0, NULL, NULL, 1, 0),
(21, 'Коваленко А.П.', 'терапевт', 'Кандидат медичних наук', 'Доцент', 13, 0, NULL, NULL, 0, 0),
(22, 'Кравченко О.В.', 'гінеколог', NULL, 'Асистент', 8, 1, 15, 0, 0, 1),
(23, 'Литвиненко А.І.', 'рентгенолог', 'Кандидат медичних наук', 'Асистент', 6, 0, NULL, NULL, 1, 1),
(24, 'Петренко Л.М.', 'невролог', 'Кандидат медичних наук', 'Доцент', 16,  0, NULL, NULL, 1, 0),
(25, 'Коваленко О.В.', 'стоматолог', NULL, 'Асистент', 8, 0, NULL, NULL, 0, 1),
(26, 'Зінченко А.В.', 'офтальмолог', 'Доктор медичних наук', 'Професор', 50, 0, NULL, NULL, 1, 1),
(27, 'Мельник Н.М.', 'терапевт', 'Кандидат медичних наук', 'Доцент', 9,  0, NULL, NULL, 0, 0),
(28, 'Литвиненко В.О.', 'хірург', NULL, 'Асистент', 3, 1, 11, 0, 1, 0),
(29, 'Олійник Н.С.', 'гінеколог', 'Доктор медичних наук', 'Професор', 28, 1, 133, 2, 1, 0),
(30, 'Сидоров М.О.', 'рентгенолог', 'Кандидат медичних наук', 'Асистент', 7, 0, NULL, NULL, 0, 1),
(31, 'Петренко О.М.', 'терапевт', 'Кандидат медичних наук', 'Доцент', 11, 0, NULL, NULL, 1, 0),
(32, 'Ковальчук В.П.', 'офтальмолог', 'Доктор медичних наук', 'Професор', 25, 0, NULL, NULL, 1, 1),
(33, 'Соколов М.О.', 'рентгенолог', 'Кандидат медичних наук', 'Асистент', 8, 1, 20, 1, 0, 0),
(34, 'Кравчук Н.О.', 'невролог', NULL, 'Асистент', 5, 0, NULL, NULL, 1, 1),
(35, 'Зінчук О.В.', 'стоматолог', NULL, 'Асистент', 7, 1, NULL, NULL, 1, 0),
(36, 'Мельник В.П.', 'хірург', 'Доктор медичних наук', 'Професор', 20, 1, 45, 3, 1, 0),
(37, 'Литвин Л.М.', 'гінеколог', 'Кандидат медичних наук', 'Доцент', 14, 1, 17, 0, 1, 1),
(38, 'Ковальова О.М.', 'рентгенолог', NULL, 'Асистент', 6, 0, NULL, NULL, 1, 0),
(39, 'Павлов М.О.', 'терапевт', 'Кандидат медичних наук', 'Доцент', 9, 0, NULL, NULL, 1, 1),
(40, 'Сидорчук Л.В.', 'офтальмолог', 'Доктор медичних наук', 'Професор', 30, 1, 56, 2, 0, 0),
(41, 'Іванчук Н.О.', 'стоматолог', NULL, 'Асистент', 7, 1, NULL, NULL, 1, 1),
(42, 'Козлова Л.М.', 'гінеколог', 'Доктор медичних наук', 'Професор', 26, 1, 89, 4, 1, 1),
(43, 'Литвиненко О.В.', 'рентгенолог', 'Кандидат медичних наук', 'Асистент', 8, 0, NULL, NULL, 1, 0),
(44, 'Петренко І.П.', 'невролог', NULL, 'Доцент', 11, 0, NULL, NULL, 1, 1),
(45, 'Коваленко Н.О.', 'хірург', NULL, 'Асистент', 7, 1, 34, 0, 1, 0),
(46, 'Соколова В.В.', 'офтальмолог', 'Доктор медичних наук', 'Професор', 40, 0, NULL, NULL, 1, 1),
(47, 'Мельник О.О.', 'терапевт', 'Кандидат медичних наук', 'Доцент', 10, 0, NULL, NULL, 1, 0),
(48, 'Зінченко Н.М.', 'стоматолог', NULL, 'Асистент', 8, 1, NULL, NULL, 1, 1),
(49, 'Павлов В.М.', 'рентгенолог', 'Кандидат медичних наук', 'Асистент', 7, 0, NULL, NULL, 1, 0),
(50, 'Козлов Л.О.', 'гінеколог', 'Доктор медичних наук', 'Професор', 29, 1, 63, 3, 1, 1),
(51, 'Литвин О.М.', 'невролог', NULL, 'Асистент', 6, 0, NULL, NULL, 1, 0),
(52, 'Сидоренко Л.О.', 'хірург', NULL, 'Асистент', 9, 1, 42, 1, 0, 1),
(53, 'Кравчук М.В.', 'офтальмолог', 'Доктор медичних наук', 'Професор', 35, 0, NULL, NULL, 1, 1),
(54, 'Зінчук Л.М.', 'терапевт', 'Кандидат медичних наук', 'Доцент', 12, 0, NULL, NULL, 1, 0),
(55, 'Петренко В.О.', 'стоматолог', NULL, 'Асистент', 8, 1, NULL, NULL, 1, 1),
(56, 'Соколов О.М.', 'гінеколог', 'Доктор медичних наук', 'Професор', 27, 1, 81, 2, 1, 0),
(57, 'Коваленко М.О.', 'рентгенолог', 'Кандидат медичних наук', 'Асистент', 7, 0, NULL, NULL, 1, 1),
(58, 'Литвиненко А.М.', 'невролог', NULL, 'Доцент', 10, 0, NULL, NULL, 1, 0),
(59, 'Олійник Л.В.', 'хірург', NULL, 'Асистент', 3, 1, 15, 0, 1, 0),
(60, 'Мельник О.П.', 'офтальмолог', 'Доктор медичних наук', 'Професор', 44, 0, NULL, NULL, 1, 1);


INSERT INTO doc_hospital_contracts (contract_id, doctor_id, hospital_id) VALUES
(1, 1, 1),
(2, 2, 1),
(3, 3, 2),
(4, 4, 2),
(5, 5, 3),
(6, 6, 1),
(7, 7, 2),
(8, 8, 3),
(9, 9, 4),
(10, 10, 5),
(11, 11, 6),
(12, 12, 7),
(13, 13, 8),
(14, 14, 9),
(15, 15, 10),
(16, 16, 1),
(17, 17, 2),
(18, 18, 3),
(19, 19, 4),
(20, 20, 5),
(21, 21, 6),
(22, 22, 7),
(23, 23, 8),
(24, 24, 9),
(25, 25, 10),
(26, 26, 1),
(27, 27, 2),
(28, 28, 3),
(29, 29, 4),
(30, 30, 5),
(31, 31, 6),
(32, 32, 7),
(33, 33, 8),
(34, 34, 9),
(35, 35, 10),
(36, 36, 1),
(37, 37, 2),
(38, 38, 3),
(39, 39, 4),
(40, 40, 5),
(41, 41, 6),
(42, 42, 7),
(43, 43, 8),
(44, 44, 9),
(45, 45, 10),
(46, 46, 1),
(47, 47, 2),
(48, 48, 3),
(49, 49, 4),
(50, 50, 5),
(51, 51, 6),
(52, 52, 7),
(53, 53, 8),
(54, 54, 9),
(55, 55, 10),
(56, 56, 1),
(57, 57, 2),
(58, 58, 3),
(59, 59, 4),
(60, 60, 5);

INSERT INTO doc_polyclinic_contracts (contract_id, doctor_id, polyclinic_id) VALUES
(1, 1, 1),
(2, 2, 2),
(3, 3, 3),
(4, 4, 4),
(5, 5, 5),
(6, 6, 1),
(7, 7, 2),
(8, 8, 3),
(9, 9, 4),
(10, 10, 5),
(11, 11, 1),
(12, 12, 2),
(13, 13, 3),
(14, 14, 4),
(15, 15, 5),
(16, 16, 1),
(17, 17, 2),
(18, 18, 3),
(19, 19, 4),
(20, 20, 5),
(21, 21, 1),
(22, 22, 2),
(23, 23, 3),
(24, 24, 4),
(25, 25, 5),
(26, 26, 1),
(27, 27, 2),
(28, 28, 3),
(29, 29, 4),
(30, 30, 5),
(31, 31, 1),
(32, 32, 2),
(33, 33, 3),
(34, 34, 4),
(35, 35, 5),
(36, 36, 1),
(37, 37, 2),
(38, 38, 3),
(39, 39, 4),
(40, 40, 5),
(41, 41, 1),
(42, 42, 2),
(43, 43, 3),
(44, 44, 4),
(45, 45, 5),
(46, 46, 1),
(47, 47, 2),
(48, 48, 3),
(49, 49, 4),
(50, 50, 5),
(51, 51, 1),
(52, 52, 2),
(53, 53, 3),
(54, 54, 4),
(55, 55, 5),
(56, 56, 1),
(57, 57, 2),
(58, 58, 3),
(59, 59, 4),
(60, 60, 5);

INSERT INTO staff (staff_id, name, category, experience) VALUES
(1, 'Кравець Л.М.', 'мед. сестра', 12),
(2, 'Бойко О.П.', 'санітар', 6),
(3, 'Савченко І.М.', 'прибиральник', 8),
(4, 'Попова Н.В.', 'мед. сестра', 9),
(5, 'Лисенко О.І.', 'мед. сестра', 10),
(6, 'Ткачук Л.П.', 'санітар', 4),
(7, 'Романенко В.М.', 'прибиральник', 6),
(8, 'Демченко Н.О.', 'мед. сестра', 7),
(9, 'Бондар І.П.', 'санітар', 3),
(10, 'Савчук О.М.', 'прибиральник', 11),
(11, 'Козак Л.В.', 'мед. сестра', 10),
(12, 'Білоус І.П.', 'мед. сестра', 8),
(13, 'Тимчук О.І.', 'санітар', 5),
(14, 'Костенко Л.М.', 'прибиральниця', 14),
(15, 'Павлюченко О.В.', 'мед. сестра', 10),
(16, 'Кузьменко В.П.', 'мед. сестра', 12),
(17, 'Бондаренко Л.І.', 'санітар', 6),
(18, 'Романова О.П.', 'прибиральниця', 8),
(19, 'Лисиченко Н.В.', 'мед. сестра', 9),
(20, 'Тарасенко В.П.', 'санітар', 4),
(21, 'Бойчук О.О.', 'прибиральник', 6),
(22, 'Коваленко Н.В.', 'мед. сестра', 7),
(23, 'Сидорчук Л.І.', 'мед. сестра', 9),
(24, 'Ткаченко О.П.', 'санітар', 3),
(25, 'Романчук І.М.', 'прибиральник', 11),
(26, 'Коваль В.В.', 'мед. сестра', 10),
(27, 'Бондар Л.П.', 'мед. сестра', 8),
(28, 'Тимошенко О.І.', 'санітар', 5),
(29, 'Кузьменко М.М.', 'прибиральник', 14),
(30, 'Савченко О.П.', 'мед. сестра', 10);

INSERT INTO staff_hospital_contracts (contract_id, staff_id, hospital_id) VALUES
(1, 1, 1),
(2, 2, 1),
(3, 3, 2),
(4, 4, 2),
(5, 5, 3),
(6, 6, 1), 
(7, 7, 2),
(8, 8, 3),
(9, 9, 4),
(10, 10, 5),
(11, 11, 6),
(12, 12, 7),
(13, 13, 8),
(14, 14, 9),
(15, 15, 10);
       
INSERT INTO staff_polyclinic_contracts (contract_id, staff_id, polyclinic_id) VALUES
(1, 16, 1),
(2, 17, 2),
(3, 18, 3),
(4, 19, 4),
(5, 20, 5),
(6, 21, 1),
(7, 22, 2),
(8, 23, 3),
(9, 24, 4),
(10, 25, 5),
(11, 26, 1),
(12, 27, 2),
(13, 28, 3),
(14, 29, 4),
(15, 30, 5);

INSERT INTO patients (patient_id, name) VALUES
(1, 'Антоненко І. Б.'),
(2, 'Степанюк О. І.'),
(3, 'Пилипчук М. І.'),
(4, 'Стасюк В. І.'),
(5, 'Лещенко Д. І.'),
(6, 'Волошина І. П.'),
(7, 'Фесенко С. В.'),
(8, 'Іваненко О. І.'),
(9, 'Щербак Ю. О.'),
(10, 'Захарчук Т. В.'),
(11, 'Журавель І. О.'),
(12, 'Слободянюк І. І.'),
(13, 'Слободян В. І.'),
(14, 'Пащенко О. В.'),
(15, 'Корнійчук Д. В.'),
(16, 'Підприємець П. І.'),
(17, 'Дудник А. П.'),
(18, 'Соловей В. І.'),
(19, 'Герасимчук І. І.'),
(20, 'Яремчук І. В.'),
(21, 'Тимченко Т. І.'),
(22, 'Черниш І. В.'),
(23, 'Гончарова М. С.'),
(24, 'Михайлюк О. М.'),
(25, 'Богдан А. І.'),
(26, 'Кириленко С. І.'),
(27, 'Ковальов В. І.'),
(28, 'Рубан В. В.'),
(29, 'Стецюк В. І.'),
(30, 'Ігнатенко О. Ю.'),
(31, 'Зозуля В. С.'),
(32, 'Третяк Д. І.'),
(33, 'Прокопчук М. І.'),
(34, 'Когут О. В.'),
(35, 'Даценко В. В.'),
(36, 'Куценко О. І.'),
(37, 'Новак А. О.'),
(38, 'Кондратенко О. В.'),
(39, 'Косенко В. І.'),
(40, 'Артеменко І. В.'),
(41, 'Деревянко М. О.'),
(42, 'Калініченко В. О.'),
(43, 'Левчук М. В.'),
(44, 'Тимощук С. В.'),
(45, 'Пінчук І. М.'),
(46, 'Ващенко В. П.'),
(47, 'Денисюк В. В.'),
(48, 'Дмитрук С. В.'),
(49, 'Супрун Т. В.'),
(50, 'Ситник М. В.'),
(51, 'Петрук О. М.'),
(52, 'Мусієнко О. І.'),
(53, 'Білоусов І. П.'),
(54, 'Пилипенко О. В.'),
(55, 'Лисенко І. М.'),
(56, 'Бондар І. І.'),
(57, 'Павлюк І. І.'),
(58, 'Гончарук О. В.'),
(59, 'Коваленко О. М.'),
(60, 'Мельник І. В.'),
(61, 'Хоменко В. М.'),
(62, 'Мороз О. І.'),
(63, 'Сидоренко О. І.'),
(64, 'Пономаренко В. В.'),
(65, 'Кравчук О. В.'),
(66, 'Борисенко В. П.'),
(67, 'Литвиненко М. В.'),
(68, 'Захаренко О. В.'),
(69, 'Романюк І. П.'),
(70, 'Пахоменко О. І.'),
(71, 'Мірошниченко В. О.'),
(72, 'Костенко В. В.'),
(73, 'Олійник І. В.'),
(74, 'Левенко О. І.'),
(75, 'Саенко В. М.'),
(76, 'Приходько О. В.'),
(77, 'Зайцев О. І.'),
(78, 'Коноплянко В. В.'),
(79, 'Марчук В. М.'),
(80, 'Трофименко О. В.'),
(81, 'Павлишин В. В.'),
(82, 'Івасюк О. В.'),
(83, 'Бойко І. В.'),
(84, 'Кравченко В. І.'),
(85, 'Дуб В. І.'),
(86, 'Руденко О. І.'),
(87, 'Савченко В. П.'),
(88, 'Мельниченко М. В.'),
(89, 'Калашник І. П.'),
(90, 'Короленко В. В.'),
(91, 'Овчаренко О. І.'),
(92, 'Крамаренко В. В.'),
(93, 'Потапенко М. І.'),
(94, 'Грищенко О. П.'),
(95, 'Веремієнко В. І.'),
(96, 'Луценко М. В.'),
(97, 'Харченко В. В.'),
(98, 'Мартиненко О. М.'),
(99, 'Кобзаренко О. П.'),
(100, 'Комаров І. М.');

INSERT INTO accounting (record_id, patient_id, doctor_id, hospital_name, polyclinic_name, department_name, room_number, cabinet_id, status, input_date, output_date, feeling, temperature)
VALUES
(9, 7, 3, 'Лікарня "Охматдит"', NULL, 'Травматологія', 104, 9, 'Лікується', '2023-05-24', NULL, 'Середній стан', 37.2),
(10, 1, 5, 'Київська міська №1', 'Поліклініка Медикар', 'Кардіологія', 302, 10, 'Лікується', '2023-05-24', NULL, 'Середній стан', 37.5),
(11, 3, 2, 'Лікарня "Охматдит"', NULL, 'Терапія', 106, 11, 'Лікується', '2023-05-25', NULL, 'Легкий стан', 36.8),
(12, 5, 7, 'Київська дитяча лікарня', 'Поліклініка +', 'Офтальмологія', 402, 12, 'Вже вилікувався', '2023-05-25', '2023-05-30', 'Важкий стан', 39.2),
(13, 6, 4, 'Київська міська №1', NULL, 'Педіатрія', 103, 13, 'Лікується', '2023-05-26', NULL, 'Середній стан', 37.0),
(14, 2, 1, 'Лікарня "Софіївська Борщагівка"', 'Поліклініка Медикар', 'Оториноларингологія', 201, 14, 'Вже вилікувався', '2023-05-26', '2023-05-31', 'Легкий стан', 37.9),
(15, 4, 6, 'Лікарня "Охматдит"', NULL, 'Травматологія', 105, 15, 'Лікується', '2023-05-27', NULL, 'Середній стан', 37.3),
(16, 8, 3, 'Лікарня "Софіївська Борщагівка"', NULL, 'Терапія', 204, 16, 'Вже вилікувався', '2023-05-27', '2023-06-01', 'Легкий стан', 36.6),
(17, 9, 2, 'Лікарня "Охматдит"', NULL, 'Офтальмологія', 106, 17, 'Лікується', '2023-05-28', NULL, 'Важкий стан', 39.1),
(18, 7, 4, 'Київська дитяча лікарня', NULL, 'Педіатрія', 301, 18, 'Вже вилікувався', '2023-05-28', '2023-06-02', 'Середній стан', 37.8),
(19, 1, 5, 'Київська міська №1', 'Поліклініка +', 'Кардіологія', 303, 19, 'Лікується', '2023-05-29', NULL, 'Легкий стан', 37.5),
(20, 3, 3, 'Лікарня "Охматдит"', NULL, 'Травматологія', 107, 20, 'Лікується', '2023-05-29', NULL, 'Важкий стан', 39.3),
(21, 5, 7, 'Київська дитяча лікарня', 'Поліклініка +', 'Офтальмологія', 403, 21, 'Вже вилікувався', '2023-05-30', '2023-06-04', 'Середній стан', 37.2),
(22, 6, 4, 'Київська міська №1', NULL, 'Педіатрія', 104, 22, 'Лікується', '2023-05-30', NULL, 'Середній стан', 37.6),
(23, 2, 1, 'Лікарня "Софіївська Борщагівка"', 'Поліклініка Медикар', 'Оториноларингологія', 202, 23, 'Вже вилікувався', '2023-05-31', '2023-06-05', 'Легкий стан', 37.1),
(24, 4, 6, 'Лікарня "Охматдит"', NULL, 'Травматологія', 106, 24, 'Лікується', '2023-05-31', NULL, 'Важкий стан', 39.8),
(25, 8, 3, 'Лікарня "Софіївська Борщагівка"', NULL, 'Терапія', 205, 25, 'Лікується', '2023-06-01', NULL, 'Середній стан', 37.4),
(26, 9, 2, 'Лікарня "Охматдит"', NULL, 'Офтальмологія', 107, 26, 'Вже вилікувався', '2023-06-01', '2023-06-06', 'Легкий стан', 37.7),
(27, 7, 4, 'Київська дитяча лікарня', NULL, 'Педіатрія', 302, 27, 'Вже вилікувався', '2023-06-02', '2023-06-07', 'Середній стан', 37.3),
(28, 1, 5, 'Київська міська №1', 'Поліклініка Медикар', 'Кардіологія', 304, 28, 'Лікується', '2023-06-02', NULL, 'Легкий стан', 37.9),
(29, 3, 3, 'Лікарня "Охматдит"', NULL, 'Травматологія', 108, 29, 'Лікується', '2023-06-03', NULL, 'Важкий стан', 39.2),
(30, 5, 7, 'Київська дитяча лікарня', 'Поліклініка +', 'Офтальмологія', 404, 30, 'Вже вилікувався', '2023-06-03', '2023-06-08', 'Середній стан', 37.5),
(31, 6, 4, 'Київська міська №1', NULL, 'Педіатрія', 105, 31, 'Лікується', '2023-06-04', NULL, 'Середній стан', 37.1),
(32, 2, 1, 'Лікарня "Софіївська Борщагівка"', 'Поліклініка Медикар', 'Оториноларингологія', 203, 32, 'Лікується', '2023-06-04', NULL, 'Легкий стан', 36.9),
(33, 4, 6, 'Лікарня "Охматдит"', NULL, 'Травматологія', 107, 33, 'Лікується', '2023-06-05', NULL, 'Важкий стан', 39.7),
(34, 8, 3, 'Лікарня "Софіївська Борщагівка"', NULL, 'Терапія', 206, 34, 'Лікується', '2023-06-05', NULL, 'Середній стан', 37.6),
(35, 9, 2, 'Лікарня "Охматдит"', NULL, 'Офтальмологія', 108, 35, 'Вже вилікувався', '2023-06-06', '2023-06-11', 'Легкий стан', 37.2),
(36, 7, 4, 'Київська дитяча лікарня', NULL, 'Педіатрія', 303, 36, 'Лікується', '2023-06-06', NULL, 'Середній стан', 37.8),
(37, 1, 5, 'Київська міська №1', 'Поліклініка Медикар', 'Кардіологія', 305, 37, 'Вже вилікувався', '2023-06-07', '2023-06-13', 'Важкий стан', 39.0),
(38, 3, 3, 'Лікарня "Охматдит"', NULL, 'Травматологія', 109, 38, 'Лікується', '2023-06-07', NULL, 'Середній стан', 37.4),
(39, 5, 7, 'Київська дитяча лікарня', 'Поліклініка +', 'Офтальмологія', 405, 39, 'Лікується', '2023-06-08', NULL, 'Легкий стан', 36.8),
(40, 6, 4, 'Київська міська №1', NULL, 'Педіатрія', 106, 40, 'Лікується', '2023-06-08', NULL, 'Середній стан', 37.3),
(41, 2, 1, 'Лікарня "Софіївська Борщагівка"', 'Поліклініка Медикар', 'Оториноларингологія', 204, 41, 'Вже вилікувався', '2023-06-09', '2023-06-15', 'Середній стан', 37.5),
(42, 4, 6, 'Лікарня "Охматдит"', NULL, 'Травматологія', 108, 42, 'Лікується', '2023-06-09', NULL, 'Важкий стан', 39.3),
(43, 8, 3, 'Лікарня "Софіївська Борщагівка"', NULL, 'Терапія', 207, 43, 'Вже вилікувався', '2023-06-10', '2023-06-17', 'Легкий стан', 37.9),
(44, 9, 2, 'Лікарня "Охматдит"', NULL, 'Офтальмологія', 109, 44, 'Лікується', '2023-06-10', NULL, 'Середній стан', 37.1),
(45, 7, 4, 'Київська дитяча лікарня', NULL, 'Педіатрія', 304, 45, 'Лікується', '2023-06-11', NULL, 'Середній стан', 37.7),
(46, 1, 5, 'Київська міська №1', 'Поліклініка Медикар', 'Кардіологія', 306, 46, 'Вже вилікувався', '2023-06-11', '2023-06-19', 'Важкий стан', 39.5),
(47, 3, 3, 'Лікарня "Охматдит"', NULL, 'Травматологія', 110, 47, 'Лікується', '2023-06-12', NULL, 'Легкий стан', 37.5),
(48, 5, 7, 'Київська дитяча лікарня', 'Поліклініка +', 'Офтальмологія', 406, 48, 'Лікується', '2023-06-12', NULL, 'Середній стан', 37.2),
(49, 6, 4, 'Київська міська №1', NULL, 'Педіатрія', 107, 49, 'Вже вилікувався', '2023-06-13', '2023-06-23', 'Середній стан', 37.6),
(50, 2, 1, 'Лікарня "Софіївська Борщагівка"', 'Поліклініка Медикар', 'Оториноларингологія', 205, 50, 'Лікується', '2023-06-13', NULL, 'Легкий стан', 37.8),
(51, 4, 6, 'Лікарня "Охматдит"', NULL, 'Травматологія', 109, 51, 'Лікується', '2023-06-14', NULL, 'Важкий стан', 39.7),
(52, 8, 3, 'Лікарня "Софіївська Борщагівка"', NULL, 'Терапія', 208, 52, 'Вже вилікувався', '2023-06-14', '2023-06-27', 'Середній стан', 37.4),
(53, 9, 2, 'Лікарня "Охматдит"', NULL, 'Офтальмологія', 110, 53, 'Лікується', '2023-06-15', NULL, 'Легкий стан', 37.9),
(54, 7, 4, 'Київська дитяча лікарня', NULL, 'Педіатрія', 305, 54, 'Вже вилікувався', '2023-06-15', '2023-06-30', 'Середній стан', 37.1),
(55, 1, 5, 'Київська міська №1', 'Поліклініка Медикар', 'Кардіологія', 307, 55, 'Лікується', '2023-06-16', NULL, 'Важкий стан', 39.2),
(56, 3, 3, 'Лікарня "Охматдит"', NULL, 'Травматологія', 111, 56, 'Лікується', '2023-06-16', NULL, 'Середній стан', 37.5),
(57, 5, 7, 'Київська дитяча лікарня', 'Поліклініка +', 'Офтальмологія', 407, 57, 'Лікується', '2023-06-17', NULL, 'Середній стан', 37.3),
(58, 6, 4, 'Київська міська №1', NULL, 'Педіатрія', 108, 58, 'Вже вилікувався', '2023-06-17', '2023-07-03', 'Легкий стан', 37.7),
(59, 2, 1, 'Лікарня "Софіївська Борщагівка"', 'Поліклініка Медикар', 'Оториноларингологія', 206, 59, 'Лікується', '2023-06-18', NULL, 'Середній стан', 37.9),
(60, 4, 6, 'Лікарня "Охматдит"', NULL, 'Травматологія', 110, 60, 'Вже вилікувався', '2023-06-18', '2023-07-05', 'Середній стан', 37.4),
(61, 8, 3, 'Лікарня "Софіївська Борщагівка"', NULL, 'Терапія', 209, 61, 'Лікується', '2023-06-19', NULL, 'Важкий стан', 39.9),
(62, 9, 2, 'Лікарня "Охматдит"', NULL, 'Офтальмологія', 111, 62, 'Лікується', '2023-06-19', NULL, 'Середній стан', 37.2),
(63, 7, 4, 'Київська дитяча лікарня', NULL, 'Педіатрія', 306, 63, 'Вже вилікувався', '2023-06-20', '2023-07-08', 'Легкий стан', 37.6),
(64, 1, 5, 'Київська міська №1', 'Поліклініка Медикар', 'Кардіологія', 308, 64, 'Лікується', '2023-06-20', NULL, 'Середній стан', 37.8),
(65, 3, 3, 'Лікарня "Охматдит"', NULL, 'Травматологія', 112, 65, 'Лікується', '2023-06-21', NULL, 'Середній стан', 37.5),
(66, 5, 7, 'Київська дитяча лікарня', 'Поліклініка +', 'Офтальмологія', 408, 66, 'Вже вилікувався', '2023-06-21', '2023-07-11', 'Важкий стан', 39.1),
(67, 6, 4, 'Київська міська №1', NULL, 'Педіатрія', 109, 67, 'Лікується', '2023-06-22', NULL, 'Легкий стан', 37.9),
(68, 2, 1, 'Лікарня "Софіївська Борщагівка"', 'Поліклініка Медикар', 'Оториноларингологія', 207, 68, 'Лікується', '2023-06-22', NULL, 'Середній стан', 37.2),
(69, 4, 6, 'Лікарня "Охматдит"', NULL, 'Травматологія', 111, 69, 'Вже вилікувався', '2023-06-23', '2023-07-15', 'Середній стан', 37.7),
(70, 8, 3, 'Лікарня "Софіївська Борщагівка"', NULL, 'Терапія', 210, 70, 'Лікується', '2023-06-23', NULL, 'Важкий стан', 39.5),
(71, 9, 2, 'Лікарня "Охматдит"', NULL, 'Офтальмологія', 112, 71, 'Лікується', '2023-06-24', NULL, 'Середній стан', 37.4),
(72, 7, 4, 'Київська дитяча лікарня', NULL, 'Педіатрія', 307, 72, 'Лікується', '2023-06-24', NULL, 'Середній стан', 37.1),
(73, 1, 5, 'Київська міська №1', 'Поліклініка Медикар', 'Кардіологія', 309, 73, 'Вже вилікувався', '2023-06-25', '2023-07-20', 'Легкий стан', 37.6),
(74, 3, 3, 'Лікарня "Охматдит"', NULL, 'Травматологія', 113, 74, 'Лікується', '2023-06-25', NULL, 'Середній стан', 37.5),
(75, 5, 7, 'Київська дитяча лікарня', 'Поліклініка +', 'Офтальмологія', 409, 75, 'Вже вилікувався', '2023-06-26', '2023-07-25', 'Важкий стан', 39.9),
(76, 6, 4, 'Київська міська №1', NULL, 'Педіатрія', 110, 76, 'Лікується', '2023-06-26', NULL, 'Легкий стан', 37.9),
(77, 2, 1, 'Лікарня "Софіївська Борщагівка"', 'Поліклініка Медикар', 'Оториноларингологія', 208, 77, 'Лікується', '2023-06-27', NULL, 'Середній стан', 37.2),
(78, 4, 6, 'Лікарня "Охматдит"', NULL, 'Травматологія', 112, 78, 'Лікується', '2023-06-27', NULL, 'Середній стан', 37.5),
(79, 8, 3, 'Лікарня "Софіївська Борщагівка"', NULL, 'Терапія', 211, 79, 'Вже вилікувався', '2023-06-28', '2023-07-31', 'Середній стан', 37.4),
(80, 9, 2, 'Лікарня "Охматдит"', NULL, 'Офтальмологія', 113, 80, 'Лікується', '2023-06-28', NULL, 'Легкий стан', 37.8),
(81, 7, 4, 'Київська дитяча лікарня', NULL, 'Педіатрія', 308, 81, 'Лікується', '2023-06-29', NULL, 'Середній стан', 37.6),
(82, 1, 5, 'Київська міська №1', 'Поліклініка Медикар', 'Кардіологія', 310, 82, 'Лікується', '2023-06-29', NULL, 'Середній стан', 37.5),
(83, 3, 3, 'Лікарня "Охматдит"', NULL, 'Травматологія', 114, 83, 'Вже вилікувався', '2023-06-30', '2023-08-05', 'Важкий стан', 39.1),
(84, 5, 7, 'Київська дитяча лікарня', 'Поліклініка +', 'Офтальмологія', 410, 84, 'Лікується', '2023-06-30', NULL, 'Легкий стан', 37.9),
(85, 6, 4, 'Київська міська №1', NULL, 'Педіатрія', 111, 85, 'Лікується', '2023-07-01', NULL, 'Середній стан', 37.3),
(86, 2, 1, 'Лікарня "Софіївська Борщагівка"', 'Поліклініка Медикар', 'Оториноларингологія', 209, 86, 'Лікується', '2023-07-01', NULL, 'Середній стан', 37.5),
(87, 4, 6, 'Лікарня "Охматдит"', NULL, 'Травматологія', 113, 87, 'Вже вилікувався', '2023-07-02', '2023-08-10', 'Легкий стан', 37.7),
(88, 8, 3, 'Лікарня "Софіївська Борщагівка"', NULL, 'Терапія', 212, 88, 'Лікується', '2023-07-02', NULL, 'Важкий стан', 39.9),
(89, 9, 2, 'Лікарня "Охматдит"', NULL, 'Офтальмологія', 114, 89, 'Лікується', '2023-07-03', NULL, 'Середній стан', 37.6),
(90, 7, 4, 'Київська дитяча лікарня', NULL, 'Педіатрія', 309, 90, 'Лікується', '2023-07-03', NULL, 'Середній стан', 37.1),
(91, 1, 5, 'Київська міська №1', 'Поліклініка Медикар', 'Кардіологія', 311, 91, 'Вже вилікувався', '2023-07-04', '2023-08-17', 'Легкий стан', 37.6),
(92, 3, 3, 'Лікарня "Охматдит"', NULL, 'Травматологія', 115, 92, 'Лікується', '2023-07-04', NULL, 'Середній стан', 37.5),
(93, 5, 7, 'Київська дитяча лікарня', 'Поліклініка +', 'Офтальмологія', 411, 93, 'Вже вилікувався', '2023-07-05', '2023-08-25', 'Важкий стан', 39.1),
(94, 6, 4, 'Київська міська №1', NULL, 'Педіатрія', 112, 94, 'Лікується', '2023-07-05', NULL, 'Легкий стан', 37.9),
(95, 2, 1, 'Лікарня "Софіївська Борщагівка"', 'Поліклініка Медикар', 'Оториноларингологія', 210, 95, 'Лікується', '2023-07-06', NULL, 'Середній стан', 37.2),
(96, 4, 6, 'Лікарня "Охматдит"', NULL, 'Травматологія', 114, 96, 'Лікується', '2023-07-06', NULL, 'Середній стан', 37.5),
(97, 8, 3, 'Лікарня "Софіївська Борщагівка"', NULL, 'Терапія', 213, 97, 'Вже вилікувався', '2023-07-07', '2023-09-02', 'Середній стан', 37.8),
(98, 9, 2, 'Лікарня "Охматдит"', NULL, 'Офтальмологія', 115, 98, 'Лікується', '2023-07-07', NULL, 'Легкий стан', 37.5),
(99, 7, 4, 'Київська дитяча лікарня', NULL, 'Педіатрія', 310, 99, 'Лікується', '2023-07-08', NULL, 'Середній стан', 37.6),
(100, 1, 5, 'Київська міська №1', 'Поліклініка Медикар', 'Кардіологія', 312, 100, 'Лікується', '2023-07-08', NULL, 'Середній стан', 37.5),
(101, 34, 11, 'Київська міська №2', 'Святовіт', 'Офтальмологія', 201, 101, 'Лікується', '2023-06-01', NULL, 'Середній стан', 37.3),
(102, 72, 28, 'Лікарня "Богомолець"', 'Поліклініка +', 'Кардіологія', 301, 102, 'Лікується', '2023-06-02', NULL, 'Легкий стан', 36.8),
(103, 53, 49, 'Лікарня "Мечникова"', 'Медичний Центр', 'Неврологія', 105, 103, 'Лікується', '2023-06-03', NULL, 'Середній стан', 37.1),
(104, 15, 16, 'Лікарня "Середньофонтанська"', 'Гіпократ', 'Гастроентерологія', 102, 104, 'Лікується', '2023-06-04', NULL, 'Легкий стан', 36.9),
(105, 68, 33, 'Київська обласна лікарня', 'Поліклініка вихідного дня', 'Терапія', 202, 105, 'Лікується', '2023-06-05', NULL, 'Середній стан', 37.5),
(106, 5, 21, 'Лікарня "Софіївська Борщагівка"', 'Святовіт', 'Ортопедія', 112, 106, 'Лікується', '2023-06-06', NULL, 'Важкий стан', 39.2),
(107, 81, 7, 'Лікарня "Феофанія"', 'Поліклініка +', 'Хірургія', 301, 107, 'Лікується', '2023-06-07', NULL, 'Середній стан', 37.6),
(108, 49, 53, 'Київська міська №1', 'Гіпократ', 'Кардіологія', 302, 108, 'Лікується', '2023-06-08', NULL, 'Легкий стан', 37.4),
(109, 12, 37, 'Лікарня "Охматдит"', 'Медичний Центр', 'Онкологія', 201, 109, 'Лікується', '2023-06-09', NULL, 'Середній стан', 37.0),
(110, 56, 12, 'Київська дитяча лікарня', 'Поліклініка +', 'Педіатрія', 303, 110, 'Лікується', '2023-06-10', NULL, 'Легкий стан', 37.8),
(111, 42, 24, 'Лікарня "Богомолець"', 'Поліклініка вихідного дня', 'Гастроентерологія', 104, 111, 'Лікується', '2023-06-11', NULL, 'Середній стан', 37.2),
(112, 73, 44, 'Лікарня "Мечникова"', 'Святовіт', 'Ортопедія', 113, 112, 'Лікується', '2023-06-12', NULL, 'Легкий стан', 36.7),
(113, 28, 55, 'Лікарня "Середньофонтанська"', 'Гіпократ', 'Терапія', 203, 113, 'Лікується', '2023-06-13', NULL, 'Середній стан', 37.3),
(114, 96, 40, 'Київська обласна лікарня', 'Медичний Центр', 'Онкологія', 202, 114, 'Лікується', '2023-06-14', NULL, 'Легкий стан', 36.8),
(115, 18, 13, 'Лікарня "Софіївська Борщагівка"', 'Поліклініка +', 'Хірургія', 302, 115, 'Лікується', '2023-06-15', NULL, 'Середній стан', 37.1),
(116, 61, 30, 'Лікарня "Феофанія"', 'Поліклініка вихідного дня', 'Кардіологія', 303, 116, 'Лікується', '2023-06-16', NULL, 'Легкий стан', 37.0),
(117, 36, 8, 'Київська міська №2', 'Святовіт', 'Офтальмологія', 202, 117, 'Лікується', '2023-06-17', NULL, 'Середній стан', 37.6),
(118, 78, 26, 'Лікарня "Богомолець"', 'Медичний Центр', 'Неврологія', 106, 118, 'Лікується', '2023-06-18', NULL, 'Легкий стан', 37.5),
(119, 47, 46, 'Лікарня "Мечникова"', 'Гіпократ', 'Гастроентерологія', 103, 119, 'Лікується', '2023-06-19', NULL, 'Середній стан', 37.4),
(120, 10, 32, 'Лікарня "Середньофонтанська"', 'Поліклініка +', 'Неврологія', 204, 120, 'Лікується', '2023-06-20', NULL, 'Легкий стан', 37.9),
(121, 66, 18, 'Київська обласна лікарня', 'Поліклініка вихідного дня', 'Терапія', 203, 121, 'Лікується', '2023-06-21', NULL, 'Середній стан', 37.3),
(122, 3, 43, 'Лікарня "Софіївська Борщагівка"', 'Святовіт', 'Ортопедія', 114, 122, 'Лікується', '2023-06-22', NULL, 'Легкий стан', 36.8),
(123, 80, 59, 'Лікарня "Феофанія"', 'Поліклініка +', 'Хірургія', 304, 123, 'Лікується', '2023-06-23', NULL, 'Середній стан', 37.1),
(124, 45, 25, 'Київська міська №1', 'Гіпократ', 'Офтальмологія', 203, 124, 'Лікується', '2023-06-24', NULL, 'Легкий стан', 36.7),
(125, 9, 10, 'Лікарня "Охматдит"', 'Медичний Центр', 'Онкологія', 202, 125, 'Лікується', '2023-06-25', NULL, 'Середній стан', 37.2),
(126, 51, 41, 'Київська дитяча лікарня', 'Поліклініка +', 'Педіатрія', 304, 126, 'Лікується', '2023-06-26', NULL, 'Легкий стан', 37.5),
(127, 35, 23, 'Лікарня "Богомолець"', 'Поліклініка вихідного дня', 'Гастроентерологія', 105, 127, 'Лікується', '2023-06-27', NULL, 'Середній стан', 37.0),
(128, 75, 6, 'Лікарня "Мечникова"', 'Святовіт', 'Ортопедія', 115, 128, 'Лікується', '2023-06-28', NULL, 'Легкий стан', 36.9),
(129, 30, 50, 'Лікарня "Середньофонтанська"', 'Гіпократ', 'Терапія', 204, 129, 'Лікується', '2023-06-29', NULL, 'Середній стан', 37.3),
(130, 92, 38, 'Київська обласна лікарня', 'Медичний Центр', 'Онкологія', 203, 130, 'Лікується', '2023-06-30', NULL, 'Легкий стан', 37.6),
(131, 20, 15, 'Лікарня "Софіївська Борщагівка"', 'Поліклініка +', 'Хірургія', 303, 131, 'Лікується', '2023-07-01', NULL, 'Середній стан', 37.4),
(132, 64, 34, 'Лікарня "Феофанія"', 'Поліклініка вихідного дня', 'Кардіологія', 304, 132, 'Лікується', '2023-07-02', NULL, 'Легкий стан', 36.7),
(133, 39, 9, 'Київська міська №2', 'Святовіт', 'Офтальмологія', 204, 133, 'Лікується', '2023-07-03', NULL, 'Середній стан', 37.5),
(134, 86, 27, 'Лікарня "Богомолець"', 'Медичний Центр', 'Неврологія', 106, 134, 'Лікується', '2023-07-04', NULL, 'Легкий стан', 37.2),
(135, 55, 48, 'Лікарня "Мечникова"', 'Гіпократ', 'Гастроентерологія', 104, 135, 'Лікується', '2023-07-05', NULL, 'Середній стан', 37.8),
(136, 15, 28, 'Лікарня "Середньофонтанська"', 'Поліклініка +', 'Неврологія', 205, 136, 'Лікується', '2023-07-06', NULL, 'Легкий стан', 37.3),
(137, 69, 20, 'Київська обласна лікарня', 'Поліклініка вихідного дня', 'Терапія', 203, 137, 'Лікується', '2023-07-07', NULL, 'Середній стан', 37.1),
(138, 5, 45, 'Лікарня "Софіївська Борщагівка"', 'Святовіт', 'Ортопедія', 116, 138, 'Лікується', '2023-07-08', NULL, 'Легкий стан', 37.0),
(139, 83, 57, 'Лікарня "Феофанія"', 'Поліклініка +', 'Хірургія', 305, 139, 'Лікується', '2023-07-09', NULL, 'Середній стан', 37.6),
(140, 50, 22, 'Київська міська №1', 'Гіпократ', 'Офтальмологія', 204, 140, 'Лікується', '2023-07-10', NULL, 'Легкий стан', 37.4),
(141, 8, 11, 'Лікарня "Охматдит"', 'Медичний Центр', 'Онкологія', 203, 141, 'Лікується', '2023-07-11', NULL, 'Середній стан', 37.9),
(142, 42, 42, 'Київська дитяча лікарня', 'Поліклініка +', 'Педіатрія', 305, 142, 'Лікується', '2023-07-12', NULL, 'Легкий стан', 37.7),
(143, 27, 29, 'Лікарня "Богомолець"', 'Поліклініка вихідного дня', 'Гастроентерологія', 105, 143, 'Лікується', '2023-07-13', NULL, 'Середній стан', 37.2),
(144, 72, 4, 'Лікарня "Мечникова"', 'Святовіт', 'Ортопедія', 116, 144, 'Лікується', '2023-07-14', NULL, 'Легкий стан', 37.5),
(145, 37, 49, 'Лікарня "Середньофонтанська"', 'Гіпократ', 'Терапія', 205, 145, 'Лікується', '2023-07-15', NULL, 'Середній стан', 37.0),
(146, 91, 37, 'Київська обласна лікарня', 'Медичний Центр', 'Онкологія', 204, 146, 'Лікується', '2023-07-16', NULL, 'Легкий стан', 36.8),
(147, 19, 16, 'Лікарня "Софіївська Борщагівка"', 'Поліклініка +', 'Хірургія', 305, 147, 'Лікується', '2023-07-17', NULL, 'Середній стан', 37.3),
(148, 63, 36, 'Лікарня "Феофанія"', 'Поліклініка вихідного дня', 'Кардіологія', 305, 148, 'Лікується', '2023-07-18', NULL, 'Легкий стан', 37.7),
(149, 33, 8, 'Київська міська №2', 'Святовіт', 'Офтальмологія', 204, 149, 'Лікується', '2023-07-19', NULL, 'Середній стан', 37.6),
(150, 88, 24, 'Лікарня "Богомолець"', 'Медичний Центр', 'Неврологія', 107, 150, 'Лікується', '2023-07-20', NULL, 'Легкий стан', 37.4);

INSERT INTO doc_patient_contract (contract_id, patient_id, doctor_id)
SELECT
  ROW_NUMBER() OVER () AS contract_id,
  FLOOR(RAND() * 100) + 1 AS patient_id,
  FLOOR(RAND() * 60) + 1 AS doctor_id
FROM
  information_schema.tables AS t1,
  information_schema.tables AS t2
LIMIT 600;




